﻿<?xml version="1.0" encoding="utf-8"?>
<Pages>
	<Page Name="Detalhe_da_Tarefa.aspx" Title="Detalhe da Tarefa" />
	<Page Name="Cadastro_Cliente.aspx" Title="Cadastro Cliente" />
	<Page Name="Neg_cio.aspx" Title="Negócio" />
	<Page Name="Dashbord.aspx" Title="Dashbord" />
	<Page Name="Lista___Neg_cio.aspx" Title="Lista - Negócio" />
	<Page Name="Configura__es.aspx" Title="Configurações" />
	<Page Name="Categorias.aspx" Title="Categorias" />
	<Page Name="Fases.aspx" Title="Fases" />
	<Page Name="Departamentos.aspx" Title="Departamentos" />
	<Page Name="Produtos.aspx" Title="Produtos" />
	<Page Name="Tarefas.aspx" Title="Tarefas" />
	<Page Name="Lista___Tarefas.aspx" Title="Lista - Tarefas" />
	<Page Name="Rel_PCompra.aspx" Title="Impressao do Pedido de Compra" />
</Pages>
