﻿<?xml version="1.0" encoding="utf-8"?>
<FIX_SHOES_TCC>
<DATABASE NAME="CRMSSI" TITLE="CRMSSI">
	<TABLE NAME="TB_CATEGORIA" TITLE="TB_CATEGORIA">
		<FIELD TYPE="NUMBER" SIZE="10" MASK="9999999999" INTERNAL_SEQUENCE="TRUE" SEQUENCE="1" NAME="CAT_ID" TITLE="CAT_ID" />
		<FIELD TYPE="TEXT" SIZE="200" NAME="CAT_DESC" TITLE="CAT_DESC" />
		<INDEX NAME="PK_TB_CATEGORIA" PRIMARY="True" UNIQUE="True" ISCLUSTER="True" FILLFACTOR="90" TITLE="PK_TB_CATEGORIA">
			<FIELD NAME="CAT_ID" />
		</INDEX>
	</TABLE>
	<TABLE NAME="TB_CLIENTE" TITLE="TB_CLIENTE">
		<FIELD TYPE="NUMBER" SIZE="10" MASK="9999999999" INTERNAL_SEQUENCE="TRUE" SEQUENCE="1" DEFAULT="0" NAME="CLI_ID" TITLE="CLI_ID" />
		<FIELD TYPE="TEXT" SIZE="200" NAME="CLI_NOME" TITLE="CLI_NOME" />
		<FIELD TYPE="TEXT" SIZE="100" NAME="CLI_CNPJ" TITLE="CLI_CNPJ" />
		<FIELD TYPE="TEXT" SIZE="14" MASK="(99) 9999-9999" NAME="CLI_FONE" TITLE="CLI_FONE" />
		<FIELD TYPE="TEXT" SIZE="15" MASK="(99) 99999-9999" NAME="CLI_CELULAR" TITLE="CLI_CELULAR" />
		<FIELD TYPE="TEXT" SIZE="100" NAME="CLI_EMAIL" TITLE="CLI_EMAIL" />
		<FIELD TYPE="TEXT" SIZE="50" NAME="CLI_SKYPE" TITLE="CLI_SKYPE" />
		<FIELD TYPE="MEMO" NAME="CLI_OBS" TITLE="CLI_OBS" />
		<FIELD TYPE="TEXT" SIZE="200" NAME="CLI_CONTATO" TITLE="CLI_CONTATO" />
		<INDEX NAME="PK_TB_CLIENTE" PRIMARY="True" UNIQUE="True" ISCLUSTER="True" FILLFACTOR="90" TITLE="PK_TB_CLIENTE">
			<FIELD NAME="CLI_ID" />
		</INDEX>
	</TABLE>
	<TABLE NAME="TB_DEPARTAMENTO" TITLE="TB_DEPARTAMENTO">
		<FIELD TYPE="NUMBER" SIZE="10" MASK="9999999999" INTERNAL_SEQUENCE="TRUE" SEQUENCE="1" NAME="DEP_ID" TITLE="DEP_ID" />
		<FIELD TYPE="TEXT" SIZE="200" NAME="DEP_NOME" TITLE="DEP_NOME" />
		<INDEX NAME="PK_TB_DEPARTAMENTO" PRIMARY="True" UNIQUE="True" ISCLUSTER="True" FILLFACTOR="90" TITLE="PK_TB_DEPARTAMENTO">
			<FIELD NAME="DEP_ID" />
		</INDEX>
	</TABLE>
	<TABLE NAME="TB_FASE" TITLE="TB_FASE">
		<FIELD TYPE="NUMBER" SIZE="10" MASK="9999999999" INTERNAL_SEQUENCE="TRUE" SEQUENCE="1" NAME="FASE_ID" TITLE="FASE_ID" />
		<FIELD TYPE="TEXT" SIZE="200" NAME="FASE_NOME" TITLE="FASE_NOME" />
		<INDEX NAME="PK_FASE" PRIMARY="True" UNIQUE="True" ISCLUSTER="True" FILLFACTOR="90" TITLE="PK_FASE">
			<FIELD NAME="FASE_ID" />
		</INDEX>
	</TABLE>
	<TABLE NAME="TB_LOGIN_GROUP" TITLE="Grupo de login">
		<FIELD TYPE="TEXT" SIZE="60" MASK="@!" NAME="LOGIN_GROUP_NAME" TITLE="Nome do grupo" />
		<FIELD TYPE="BOOLEAN" NAME="LOGIN_GROUP_IS_ADMIN" TITLE="Grupo tipo administração" />
		<INDEX NAME="LOGIN_GROUP_PK" PRIMARY="True" UNIQUE="True" ISCLUSTER="True" FILLFACTOR="90" TITLE="Por nome">
			<FIELD NAME="LOGIN_GROUP_NAME" />
		</INDEX>
		<RELATION FOREIGNTABLE="TB_LOGIN_RULE" BASETABLE="TB_LOGIN_GROUP" TYPE="CONSTRAINT" CARDINALITY="1-N" NAME="TB_LOGIN_GROUP_RULE">
			<RELATIONOF FOREIGNFIELD="LOGIN_GROUP_NAME" BASEFIELD="LOGIN_GROUP_NAME" NAME="LOGIN_GROUP_NAME" />
		</RELATION>
		<RELATION FOREIGNTABLE="TB_LOGIN_USER" BASETABLE="TB_LOGIN_GROUP" TYPE="CONSTRAINT" CARDINALITY="1-N" NAME="TB_LOGIN_GROUP_USER">
			<RELATIONOF FOREIGNFIELD="LOGIN_GROUP_NAME" BASEFIELD="LOGIN_GROUP_NAME" NAME="LOGIN_GROUP_NAME" />
		</RELATION>
	</TABLE>
	<TABLE NAME="TB_LOGIN_RULE" TITLE="Regras para login">
		<FIELD TYPE="TEXT" SIZE="8" MASK="@!" NAME="LOGIN_RULE_PROJECT" TITLE="Id do projeto" />
		<FIELD TYPE="TEXT" SIZE="60" MASK="@!" NAME="LOGIN_GROUP_NAME" TITLE="Nome do grupo" />
		<FIELD TYPE="TEXT" SIZE="100" NAME="LOGIN_RULE_OBJECT" TITLE="Objeto da regra" />
		<FIELD TYPE="TEXT" SIZE="100" NAME="LOGIN_RULE_PERMISSIONS" TITLE="Permissões da regra" />
		<INDEX NAME="LOGIN_RULE_PK" PRIMARY="True" UNIQUE="True" ISCLUSTER="True" FILLFACTOR="90" TITLE="Por projeto/grupo/objeto">
			<FIELD NAME="LOGIN_RULE_PROJECT" />
			<FIELD NAME="LOGIN_GROUP_NAME" />
			<FIELD NAME="LOGIN_RULE_OBJECT" />
		</INDEX>
	</TABLE>
	<TABLE NAME="TB_LOGIN_USER" TITLE="Usuário de login">
		<FIELD TYPE="TEXT" SIZE="60" MASK="@!" NAME="LOGIN_GROUP_NAME" TITLE="Nome do grupo" />
		<FIELD TYPE="TEXT" SIZE="40" MASK="@!" NAME="LOGIN_USER_LOGIN" TITLE="Login" />
		<FIELD TYPE="TEXT" SIZE="40" MASK="@!" NAME="LOGIN_USER_PASSWORD" TITLE="Senha" />
		<FIELD TYPE="TEXT" SIZE="60" MASK="@!" NAME="LOGIN_USER_NAME" TITLE="Nome do usuário" />
		<FIELD TYPE="MEMO" MASK="@!" NAME="LOGIN_USER_OBS" TITLE="Observações" />
		<FIELD TYPE="TEXT" SIZE="150" NAME="LOGIN_USER_CARGO" TITLE="LOGIN_USER_CARGO" />
		<FIELD TYPE="TEXT" SIZE="10" NAME="LOGIN_USER_FOTO" TITLE="LOGIN_USER_FOTO" />
		<INDEX NAME="LOGIN_USER_PK" PRIMARY="True" UNIQUE="True" ISCLUSTER="True" FILLFACTOR="90" TITLE="Por login">
			<FIELD NAME="LOGIN_USER_LOGIN" />
		</INDEX>
	</TABLE>
	<TABLE NAME="TB_NEGOCIO" TITLE="TB_NEGOCIO">
		<FIELD TYPE="NUMBER" SIZE="10" MASK="9999999999" INTERNAL_SEQUENCE="TRUE" SEQUENCE="1" NAME="NEG_ID" TITLE="NEG_ID" />
		<FIELD TYPE="TEXT" SIZE="300" NAME="NEG_TITULO" TITLE="NEG_TITULO" />
		<FIELD TYPE="NUMBER" SIZE="10" MASK="9999999999" INTERNAL_SEQUENCE="FALSE" DEFAULT="0" NAME="CLI_ID" TITLE="CLI_ID" />
		<FIELD TYPE="TEXT" SIZE="40" NAME="NEG_RESPONSAVEL" TITLE="NEG_RESPONSAVEL" />
		<FIELD TYPE="NUMBER" SIZE="10" MASK="99999999,99" INTERNAL_SEQUENCE="FALSE" DEFAULT="0,00" NAME="NEG_VALORTOTAL" TITLE="NEG_VALORTOTAL" />
		<FIELD TYPE="NUMBER" SIZE="10" MASK="99999999,99" INTERNAL_SEQUENCE="FALSE" DEFAULT="0,00" NAME="NEG_VALORULT" TITLE="NEG_VALORULT" />
		<FIELD TYPE="DATE" MASK="dd/MM/yyyy" NAME="NEG_DATAINICIAL" TITLE="NEG_DATAINICIAL" />
		<FIELD TYPE="DATE" MASK="dd/MM/yyyy" NAME="NEG_DATACONCLUSAO" TITLE="NEG_DATACONCLUSAO" />
		<FIELD TYPE="MEMO" NAME="NEG_DESCRICAO" TITLE="NEG_DESCRICAO" />
		<FIELD TYPE="TEXT" SIZE="100" DEFAULT="0" NAME="NEG_STATUS" TITLE="NEG_STATUS" />
		<FIELD TYPE="TEXT" SIZE="255" NAME="NEG_MOTIVOPERDA" TITLE="NEG_MOTIVOPERDA" />
		<FIELD TYPE="NUMBER" SIZE="10" MASK="9999999999" INTERNAL_SEQUENCE="FALSE" NAME="FASE_ID" TITLE="FASE_ID" />
		<FIELD TYPE="NUMBER" SIZE="10" MASK="9999999999" INTERNAL_SEQUENCE="FALSE" DEFAULT="0" NAME="FASE_PAR" TITLE="FASE_PAR" />
		<FIELD TYPE="TEXT" SIZE="500" NAME="NEG_COMENTARIO_PERDA" TITLE="NEG_COMENTARIO_PERDA" />
		<FIELD TYPE="NUMBER" SIZE="10" MASK="9999999999" INTERNAL_SEQUENCE="FALSE" NAME="PROD_ID" TITLE="PROD_ID" />
		<FIELD TYPE="MEMO" NAME="NEG_CORPOPROP" TITLE="NEG_CORPOPROP" />
		<INDEX NAME="PK_TB_NEGOCIO" PRIMARY="True" UNIQUE="True" ISCLUSTER="True" FILLFACTOR="90" TITLE="PK_TB_NEGOCIO">
			<FIELD NAME="NEG_ID" />
		</INDEX>
	</TABLE>
	<TABLE NAME="TB_PARAMETRO" TITLE="TB_PARAMETRO">
		<FIELD TYPE="TEXT" SIZE="300" NAME="PAR_EMPRESA" TITLE="PAR_EMPRESA" />
		<FIELD TYPE="NUMBER" SIZE="10" MASK="9999999999" INTERNAL_SEQUENCE="FALSE" DEFAULT="0" NAME="PAR_FASE1" TITLE="PAR_FASE1" />
		<FIELD TYPE="NUMBER" SIZE="10" MASK="9999999999" INTERNAL_SEQUENCE="FALSE" DEFAULT="0" NAME="PAR_FASE2" TITLE="PAR_FASE2" />
		<FIELD TYPE="NUMBER" SIZE="10" MASK="9999999999" INTERNAL_SEQUENCE="FALSE" DEFAULT="0" NAME="PAR_FASE3" TITLE="PAR_FASE3" />
		<FIELD TYPE="NUMBER" SIZE="10" MASK="9999999999" INTERNAL_SEQUENCE="FALSE" DEFAULT="0" NAME="PAR_FASE4" TITLE="PAR_FASE4" />
		<FIELD TYPE="NUMBER" SIZE="10" MASK="9999999999" INTERNAL_SEQUENCE="FALSE" DEFAULT="0" NAME="PAR_FASE5" TITLE="PAR_FASE5" />
	</TABLE>
	<TABLE NAME="TB_PRODUTO" TITLE="TB_PRODUTO">
		<FIELD TYPE="NUMBER" SIZE="10" MASK="9999999999" INTERNAL_SEQUENCE="TRUE" SEQUENCE="1" NAME="PROD_ID" TITLE="PROD_ID" />
		<FIELD TYPE="TEXT" SIZE="200" NAME="PROD_NOME" TITLE="PROD_NOME" />
		<INDEX NAME="PK_TB_PRODUTO" PRIMARY="True" UNIQUE="True" ISCLUSTER="True" FILLFACTOR="90" TITLE="PK_TB_PRODUTO">
			<FIELD NAME="PROD_ID" />
		</INDEX>
	</TABLE>
	<TABLE NAME="TB_TAREFA" TITLE="TB_TAREFA">
		<FIELD TYPE="NUMBER" SIZE="10" MASK="9999999999" INTERNAL_SEQUENCE="TRUE" SEQUENCE="1" NAME="TAR_ID" TITLE="TAR_ID" />
		<FIELD TYPE="TEXT" SIZE="200" NAME="TAR_TIPO" TITLE="TAR_TIPO" />
		<FIELD TYPE="TEXT" SIZE="4000" NAME="TAR_DESC" TITLE="TAR_DESC" />
		<FIELD TYPE="NUMBER" SIZE="10" MASK="9999999999" INTERNAL_SEQUENCE="FALSE" NAME="NEG_ID" TITLE="NEG_ID" />
		<FIELD TYPE="TEXT" SIZE="50" NAME="TAR_RESPONSAVEL" TITLE="TAR_RESPONSAVEL" />
		<FIELD TYPE="NUMBER" SIZE="10" MASK="9999999999" INTERNAL_SEQUENCE="FALSE" DEFAULT="0" NAME="CLI_ID" TITLE="CLI_ID" />
		<FIELD TYPE="BOOLEAN" DEFAULT="False" NAME="TAR_FINALIZADO" TITLE="TAR_FINALIZADO" />
		<FIELD TYPE="DATETIME" MASK="dd/MM/yyyy HH:mm" NAME="TAR_DATAHORA" TITLE="TAR_DATAHORA" />
		<INDEX NAME="PK_TB_TAREFA" PRIMARY="True" UNIQUE="True" ISCLUSTER="True" FILLFACTOR="90" TITLE="PK_TB_TAREFA">
			<FIELD NAME="TAR_ID" />
		</INDEX>
	</TABLE>
	<TABLE NAME="VIEW_LISTANEGOCIO" TITLE="VIEW_LISTANEGOCIO">
		<FIELD TYPE="NUMBER" SIZE="10" MASK="9999999999" INTERNAL_SEQUENCE="FALSE" NAME="NEG_ID" TITLE="NEG_ID" />
		<FIELD TYPE="TEXT" SIZE="300" NAME="NEG_TITULO" TITLE="NEG_TITULO" />
		<FIELD TYPE="NUMBER" SIZE="10" MASK="9999999999" INTERNAL_SEQUENCE="FALSE" DEFAULT="0" NAME="CLI_ID" TITLE="CLI_ID" />
		<FIELD TYPE="TEXT" SIZE="200" NAME="CLI_NOME" TITLE="CLI_NOME" />
		<FIELD TYPE="NUMBER" SIZE="10" MASK="9999999999" INTERNAL_SEQUENCE="FALSE" NAME="FASE_ID" TITLE="FASE_ID" />
		<FIELD TYPE="TEXT" SIZE="200" NAME="FASE_NOME" TITLE="FASE_NOME" />
		<FIELD TYPE="NUMBER" SIZE="10" MASK="9999999999" INTERNAL_SEQUENCE="FALSE" NAME="PROD_ID" TITLE="PROD_ID" />
		<FIELD TYPE="TEXT" SIZE="200" NAME="PROD_NOME" TITLE="PROD_NOME" />
		<FIELD TYPE="TEXT" SIZE="100" DEFAULT="0" NAME="NEG_STATUS" TITLE="NEG_STATUS" />
		<FIELD TYPE="NUMBER" SIZE="10" MASK="99999999,99" INTERNAL_SEQUENCE="FALSE" DEFAULT="0,00" NAME="NEG_VALORTOTAL" TITLE="NEG_VALORTOTAL" />
		<FIELD TYPE="TEXT" SIZE="200" NAME="CLI_CONTATO" TITLE="CLI_CONTATO" />
		<FIELD TYPE="NUMBER" SIZE="10" MASK="99999999,99" INTERNAL_SEQUENCE="FALSE" DEFAULT="0,00" NAME="NEG_VALORULT" TITLE="NEG_VALORULT" />
	</TABLE>
	<TABLE NAME="VIEW_GRAFICO" TITLE="VIEW_GRAFICO">
		<FIELD TYPE="TEXT" SIZE="20" NAME="Status" TITLE="Status" />
		<FIELD TYPE="NUMBER" SIZE="10" MASK="9999999999" INTERNAL_SEQUENCE="FALSE" DEFAULT="0" NAME="Quantidade" TITLE="Quantidade" />
		<FIELD TYPE="TEXT" SIZE="10" NAME="MES" TITLE="MES" />
	</TABLE>
	<TABLE NAME="VIEW_DB_TAREFA" TITLE="VIEW_DB_TAREFA">
		<FIELD TYPE="TEXT" SIZE="20" NAME="Tipo" TITLE="Tipo" />
		<FIELD TYPE="TEXT" SIZE="300" NAME="NEG_TITULO" TITLE="NEG_TITULO" />
		<FIELD TYPE="TEXT" SIZE="10" NAME="Descricao" TITLE="Descricao" />
		<FIELD TYPE="TEXT" SIZE="4000" NAME="TAR_DESC" TITLE="TAR_DESC" />
		<FIELD TYPE="TEXT" SIZE="10" NAME="ID" TITLE="ID" />
		<FIELD TYPE="BOOLEAN" NAME="Finalizado" TITLE="Finalizado" />
		<FIELD TYPE="DATETIME" MASK="dd/MM/yyyy" NAME="Data" TITLE="Data" />
		<FIELD TYPE="NUMBER" SIZE="10" MASK="9999999999" INTERNAL_SEQUENCE="FALSE" NAME="NEG_ID" TITLE="NEG_ID" />
		<FIELD TYPE="TEXT" SIZE="200" NAME="CLI_NOME" TITLE="CLI_NOME" />
		<FIELD TYPE="TEXT" SIZE="14" MASK="(99) 9999-9999" NAME="CLI_FONE" TITLE="CLI_FONE" />
		<FIELD TYPE="TEXT" SIZE="15" MASK="(99) 99999-9999" NAME="CLI_CELULAR" TITLE="CLI_CELULAR" />
		<FIELD TYPE="TEXT" SIZE="100" NAME="CLI_EMAIL" TITLE="CLI_EMAIL" />
		<FIELD TYPE="TEXT" SIZE="50" NAME="CLI_SKYPE" TITLE="CLI_SKYPE" />
	</TABLE>
	<TABLE NAME="VIEW_REL_PEDIDO" TITLE="VIEW_REL_PEDIDO">
		<FIELD TYPE="NUMBER" SIZE="10" MASK="9999999999" INTERNAL_SEQUENCE="FALSE" NAME="NEG_ID" TITLE="NEG_ID" />
		<FIELD TYPE="TEXT" SIZE="300" NAME="NEG_TITULO" TITLE="NEG_TITULO" />
		<FIELD TYPE="DATE" MASK="dd/MM/yyyy" NAME="NEG_DATAINICIAL" TITLE="NEG_DATAINICIAL" />
		<FIELD TYPE="NUMBER" SIZE="10" MASK="99999999,99" INTERNAL_SEQUENCE="FALSE" DEFAULT="0,00" NAME="NEG_VALORULT" TITLE="NEG_VALORULT" />
		<FIELD TYPE="NUMBER" SIZE="10" MASK="99999999,99" INTERNAL_SEQUENCE="FALSE" DEFAULT="0,00" NAME="NEG_VALORTOTAL" TITLE="NEG_VALORTOTAL" />
		<FIELD TYPE="MEMO" NAME="NEG_DESCRICAO" TITLE="NEG_DESCRICAO" />
		<FIELD TYPE="TEXT" SIZE="200" NAME="CLI_NOME" TITLE="CLI_NOME" />
		<FIELD TYPE="TEXT" SIZE="100" NAME="CLI_CNPJ" TITLE="CLI_CNPJ" />
		<FIELD TYPE="TEXT" SIZE="14" MASK="(99) 9999-9999" NAME="CLI_FONE" TITLE="CLI_FONE" />
		<FIELD TYPE="TEXT" SIZE="15" MASK="(99) 99999-9999" NAME="CLI_CELULAR" TITLE="CLI_CELULAR" />
		<FIELD TYPE="TEXT" SIZE="100" NAME="CLI_EMAIL" TITLE="CLI_EMAIL" />
		<FIELD TYPE="TEXT" SIZE="50" NAME="CLI_SKYPE" TITLE="CLI_SKYPE" />
		<FIELD TYPE="TEXT" SIZE="200" NAME="CLI_CONTATO" TITLE="CLI_CONTATO" />
		<FIELD TYPE="TEXT" SIZE="200" NAME="PROD_NOME" TITLE="PROD_NOME" />
		<FIELD TYPE="MEMO" NAME="NEG_CORPOPROP" TITLE="NEG_CORPOPROP" />
		<FIELD TYPE="TEXT" SIZE="300" NAME="PAR_EMPRESA" TITLE="PAR_EMPRESA" />
	</TABLE>
</DATABASE>
</FIX_SHOES_TCC>
